{"html_attributions": [], "result": {"address_components": [{"long_name": "47A", "short_name": "47A", "types": ["street_number"]}, {"long_name": "Calle 56", "short_name": "Calle 56", "types": ["route"]}, {"long_name": "Zona Paseo Montejo", "short_name": "Zona Paseo Montejo", "types": ["neighborhood", "political"]}, {"long_name": "Centro", "short_name": "Centro", "types": ["sublocality_level_1", "sublocality", "political"]}, {"long_name": "M\u00e9rida", "short_name": "M\u00e9rida", "types": ["locality", "political"]}, {"long_name": "Yucat\u00e1n", "short_name": "Yuc.", "types": ["administrative_area_level_1", "political"]}, {"long_name": "Mexico", "short_name": "MX", "types": ["country", "political"]}, {"long_name": "97000", "short_name": "97000", "types": ["postal_code"]}], "adr_address": "<span class=\"street-address\">Calle 56 47A</span>, <span class=\"extended-address\">Zona Paseo Montejo, Centro</span>, <span class=\"postal-code\">97000</span> <span class=\"locality\">M\u00e9rida</span>, <span class=\"region\">Yuc.</span>, <span class=\"country-name\">Mexico</span>", "business_status": "OPERATIONAL", "formatted_address": "Calle 56 47A, Zona Paseo Montejo, Centro, 97000 M\u00e9rida, Yuc., Mexico", "formatted_phone_number": "999 927 6443", "geometry": {"location": {"lat": 20.9798074, "lng": -89.6183645}, "viewport": {"northeast": {"lat": 20.9811692302915, "lng": -89.61715956970849}, "southwest": {"lat": 20.9784712697085, "lng": -89.6198575302915}}}, "icon": "https://maps.gstatic.com/mapfiles/place_api/icons/v1/png_71/restaurant-71.png", "international_phone_number": "+52 999 927 6443", "name": "Dulcer\u00eda y Sorbeter\u00eda Col\u00f3n", "opening_hours": {"open_now": false, "periods": [{"close": {"day": 1, "time": "0000"}, "open": {"day": 0, "time": "1100"}}, {"close": {"day": 2, "time": "0000"}, "open": {"day": 1, "time": "1100"}}, {"close": {"day": 3, "time": "0000"}, "open": {"day": 2, "time": "1100"}}, {"close": {"day": 4, "time": "0000"}, "open": {"day": 3, "time": "1100"}}, {"close": {"day": 5, "time": "0000"}, "open": {"day": 4, "time": "1100"}}, {"close": {"day": 6, "time": "0000"}, "open": {"day": 5, "time": "1100"}}, {"close": {"day": 0, "time": "0000"}, "open": {"day": 6, "time": "1100"}}], "weekday_text": ["Monday: 11:00 AM \u2013 12:00 AM", "Tuesday: 11:00 AM \u2013 12:00 AM", "Wednesday: 11:00 AM \u2013 12:00 AM", "Thursday: 11:00 AM \u2013 12:00 AM", "Friday: 11:00 AM \u2013 12:00 AM", "Saturday: 11:00 AM \u2013 12:00 AM", "Sunday: 11:00 AM \u2013 12:00 AM"]}, "photos": [{"height": 1080, "html_attributions": ["<a href=\"https://maps.google.com/maps/contrib/113705951500092907000\">David Canseco</a>"], "photo_reference": "ATtYBwJ2R1JecoftxcR1NGOVgyWcb7bNNg8MrrN_5YZlsTADksHA7Yojcf2xUDvwB9m0G_h7yIPu3APobq7u_6QO1RKXnl2_OD70DzLaLOtuGASx8VkvaeRvIGBNrACLI-paitA7v3rlh6UZPEZTV33kCFZiBif2OszsEdk2f3uLkrS4VfIc", "width": 1920}, {"height": 2600, "html_attributions": ["<a href=\"https://maps.google.com/maps/contrib/107160127938072112885\">Jose Javier Hernandez</a>"], "photo_reference": "ATtYBwJSgBsId8TLGAniyQPpw_f-RCPAPBZezZd0U_2_9El8YRo4LIhu2MrPlmVmf4MMcZLKo8AE1Mg9Y9H1wu_ermyl30H1ONzzk5qGqKlFphsRLI8BCnSDXPr86NR2NKzpCdkjcMd3zadvN3um9wYLdwPk0nErf2ScXK6u8s56rzwJZCYI", "width": 4624}, {"height": 3024, "html_attributions": ["<a href=\"https://maps.google.com/maps/contrib/116756698960634665573\">Karolina Guadarrama</a>"], "photo_reference": "ATtYBwL7rm2dVJG8bV_AJmAyvSdhIo0LqeozhAHHgZRFfC8yXb5GU3_ScTkZ_GoCsEpZ0ED5QosA7DsGStC5-uLCgZSuCjmkn7pAtVilzFEUS4-SIp-1hcoVS8gW_X-xeklYNKwNdR443_dvGCR42CzKyqLoVAa0rBS_NZJTEt_L20D6nyd9", "width": 4032}, {"height": 3024, "html_attributions": ["<a href=\"https://maps.google.com/maps/contrib/105365594605396769354\">Erika Romero</a>"], "photo_reference": "ATtYBwIRdXzzfgSu0z67XTJ6PKQCyG6NeBKy32b9SH4o0Mdr9gIbkTgYAqbyzGLiFWe6Lkhy7BttwmzyPhQLJ0gOxWa1-qotLFsztRSVRHuTvtnsUuYUs-BQ1OjxSXizbpA4avErsDisro53CmGa2nD06j_0PhnhlXLeMPe2hiFKVzgz2d-3", "width": 4032}, {"height": 3468, "html_attributions": ["<a href=\"https://maps.google.com/maps/contrib/112560082614852935020\">Fred Lambuth</a>"], "photo_reference": "ATtYBwLejZnNgcvMfnPe9d2pJs_-3FWwytupJbh8K94krP4_9c4mH5MXQfVzEjttQgeAuPkXxOE9RWX3Hz3-wJ-FiXH5-NJYKnQhdhRJwTZ8PTfiDvKhA-reulebrLDZdDdF_qe_2txOdSRVKWJb29s9Q0jCLTVLS-uCX_6MubZcEn_biaPU", "width": 4624}, {"height": 4032, "html_attributions": ["<a href=\"https://maps.google.com/maps/contrib/104534789216109892618\">Oscar Nava</a>"], "photo_reference": "ATtYBwLqkLNT3AEHNELgEPkc0kHmBR6nNmFQM-V01syE0cNtlPe4tL0a0dBaoL0xtr3fB9PaWhSGzdyZC29OOAQ3B9JvnPGoz_5k46oR5olCHogzaKroX__d1uOViV_6KedZTmNqitdDpycQFHBQcLLm-s39Ayigg0yTnCYrOISHN07FVjHC", "width": 1908}, {"height": 3000, "html_attributions": ["<a href=\"https://maps.google.com/maps/contrib/111042408799902028581\">Pablo De Luna</a>"], "photo_reference": "ATtYBwIU9VecQxocttriwl1hqZ_w11jtbRgT452L1q9XvCUNw-SezEdwRmLXlQRpA0WIZ6K4PPnNFgTZh5k0GGfabKvAwuF30SpZZkukDwGJyH4hncw1OimuS1QTfFyGo_IwqIEdSWDDTzg0XKpe9o_h4e9ulzk5_WcjFNZWXEFAUJ6BuCuY", "width": 4000}, {"height": 4640, "html_attributions": ["<a href=\"https://maps.google.com/maps/contrib/100838699237906194027\">Sergio Morales</a>"], "photo_reference": "ATtYBwJuAZrkZoZ1jLpLbQWxLOVBNwY0jYYl83wtEAX0NAnqFk9zd79i_HWY0WOHtaKi4YPyfmNf6ab3FTPcjbdPn_pfJooZKCVHP_p9Yhe1zczcPsTMgw-qIVYm8KX6lEZLU8hH6eIF9QNLOuqFKwi10OdKSEpLSa95tjOOop1423y3kOfP", "width": 3472}, {"height": 2448, "html_attributions": ["<a href=\"https://maps.google.com/maps/contrib/110882333132234394764\">Marco Antonio</a>"], "photo_reference": "ATtYBwLz581BH1H2-KXZ_V7qK2Qt7x3dXANEWXec8U-ZLbODfeeI4jjr1d1whfznT1tZ6eInO31H-_wMxMqC-wx5Sv1863-yVnE-UxqhuSCt8Qd-lPwvDbxYsOxFrUVauedwDJrPcfgDDl1meKsi4TcuSRyweD2KmygOZX_bEZvR-1IrQ5nl", "width": 3264}, {"height": 4032, "html_attributions": ["<a href=\"https://maps.google.com/maps/contrib/110505385433737174332\">Lorenzo Diaz</a>"], "photo_reference": "ATtYBwKit6EQ7FWUhhbDsfVLTN1iMMqs7SQI0KTnN6FM5XEH59I493eOhXBSfG2bQf7HpzjZTosc9nWpaeEi7uaP_dVCdLN-PzzZv97Xc9yb22dG3ljASpQ8lUxbU1oE3Mh4bWpky9xNe3KV0gru8n_Y-X0OA_lPvM3s6LKdKaolwL8tFJU0", "width": 2268}], "place_id": "ChIJ84KkeFxxVo8ReWeMn3zwrfI", "plus_code": {"compound_code": "X9HJ+WM M\u00e9rida, Yucatan, Mexico", "global_code": "76GGX9HJ+WM"}, "price_level": 2, "rating": 4.5, "reference": "ChIJ84KkeFxxVo8ReWeMn3zwrfI", "reviews": [{"author_name": "Leonard Majere", "author_url": "https://www.google.com/maps/contrib/115590468258988949057/reviews", "language": "en", "profile_photo_url": "https://lh3.googleusercontent.com/a/AATXAJzkSl3653v1nSS4K_QunDP4T_Jz-GutWdX5cmOv=s128-c0x00000000-cc-rp-mo", "rating": 3, "relative_time_description": "5 months ago", "text": "Has great reviews but...my god....this place oversweetens their desserts to a ridiculous level.\nHad to actually throw my stuff away because I couldn't take more than a few bites, unbelievably sweet. Nice flavors but is so sweet it almost concerns me.", "time": 1608618317}, {"author_name": "Mario Caceres", "author_url": "https://www.google.com/maps/contrib/115283396627908678806/reviews", "language": "en", "profile_photo_url": "https://lh3.googleusercontent.com/a/AATXAJzF1c0nvVkEBCUpyi8BQ8afRdliXFnxvEWz9-nO=s128-c0x00000000-cc-rp-mo", "rating": 5, "relative_time_description": "in the last week", "text": "Sorbetes, like Italian ice but much better. All natural fruits great flavorful varieties\nCan't miss this place.", "time": 1622955403}, {"author_name": "S H", "author_url": "https://www.google.com/maps/contrib/107507972386630105813/reviews", "language": "en", "profile_photo_url": "https://lh3.googleusercontent.com/a/AATXAJzdDTwH1eUcfP20LQdF3MGt2q26SraPOdG4HeXW=s128-c0x00000000-cc-rp-mo", "rating": 3, "relative_time_description": "4 weeks ago", "text": "I had the famous Helado de Coco. It was good but nothing special. It didn't really taste like coconut, the flavor was very mild. Price is a bit high for what you get. I recommend just ordering \"para llevar\" and finding a quiet bench to enjoy your treats.", "time": 1620536777}, {"author_name": "Fernando Carvajal", "author_url": "https://www.google.com/maps/contrib/104528468443060790186/reviews", "language": "en", "profile_photo_url": "https://lh3.googleusercontent.com/a-/AOh14GiaLWlSrKNVfWXOyxi_tVCo-3XN4cpAl8SdSsTuUQ=s128-c0x00000000-cc-rp-mo-ba3", "rating": 5, "relative_time_description": "a week ago", "text": "The best ice cream and shakes in town love it every time I come to Merida I have to go there", "time": 1621917173}, {"author_name": "C Luengas", "author_url": "https://www.google.com/maps/contrib/102073536133121494720/reviews", "language": "en", "profile_photo_url": "https://lh3.googleusercontent.com/a/AATXAJwpGsMgBHqhLNdQxMT66pm-jOEUJfh0VI3PGpwMRjE=s128-c0x00000000-cc-rp-mo-ba4", "rating": 4, "relative_time_description": "2 months ago", "text": "Very good sorbets but one must eat them fast before they melt...", "time": 1617708255}], "types": ["food", "point_of_interest", "store", "establishment"], "url": "https://maps.google.com/?cid=17486897346192893817", "user_ratings_total": 5824, "utc_offset": -300, "vicinity": "Calle 56 47A, Centro, M\u00e9rida", "website": "https://dulceriaysorbeteriacolon.wordpress.com/"}, "status": "OK"}